idx,field_id,soil_type,lat,lon,elev,root_limit,tdelta,rain_mult,farmer,health,obs_phase,wp,fc,sat,bd,drain,start
0,F001,Sandy Loam,16.8028374512039,81.55363436731726,137.61909011967438,867.8038804225225,0.2935774994805111,1.545691381019263,average,0.09474088433909193,2,0.0929835098676096,0.20710760304701803,0.4180529340336098,1.4927768921415707,0.39790446510986743,2021-02-01
1,F002,Sandy,18.1875052430609,81.20393214851174,317.8270603011858,987.6629151590191,0.8612076468703771,1.2159717954089198,lazy,-0.008918580325564824,1,0.057756078443764194,0.12204178382988563,0.3840886403599288,1.602846513812359,0.6158427635603391,2021-03-01
2,F003,Sandy Loam,16.9118053343068,77.47658007357128,365.0578526328493,687.5582085867434,0.01409405424484066,1.409330301759724,lazy,0.025979206745602924,3,0.08797536422988486,0.20980749405600385,0.43126896138610665,1.465690881067001,0.5162229724618129,2021-11-28
3,F004,Clay Loam,18.451848113505857,80.8486475983785,287.5813615090516,827.0526796496046,-0.18658603337075208,1.5615927292151794,over_irrigator,0.01723396379131982,1,0.18709735277809905,0.3270033947005351,0.4867973426101238,1.2891115084217761,0.2834945206670102,2021-04-16
4,F005,Clay Loam,15.582780971305423,80.83901685631994,180.33057204435963,779.9372690098851,-0.6672407953961095,1.3722453157378576,average,0.032212498497649344,3,0.1862841360378264,0.3265061831781569,0.4655538520931062,1.3413394303649906,0.21493611363200676,2021-12-28
5,F006,Clay Loam,16.22418066886004,81.2174460705503,589.3065734921819,1037.7537050215358,0.1920034425607074,1.2087429565795944,average,0.03478838059593745,4,0.19281302359069147,0.3281397281324671,0.46453641588841593,1.3122805485553322,0.24393295376622,2021-12-14
6,F007,Sandy Loam,17.302119846758032,77.76202626141327,390.52154593498574,803.7815794771302,-0.6100928051090615,1.0572526888296667,diligent,-0.04747237991534054,0,0.08921531291970447,0.19561032131816725,0.44593387572276166,1.4503797907618758,0.401060938138086,2021-02-20
7,F008,Sandy Loam,17.09011924152316,77.4302648194963,555.1022351433325,826.8945883642801,-0.2131562883375352,1.569612448581068,lazy,0.03427473053640807,4,0.08430309599639328,0.20320824646360452,0.4225437724016937,1.4417566518776121,0.4800009775844329,2021-01-06
8,F009,Clay,16.786299633913195,81.76961540161548,33.804842562348014,622.1783855929621,0.14041740343987016,1.3981921915731388,diligent,0.0595072880065902,4,0.2430587220174728,0.3999677636930718,0.5101320343991081,1.2426777428954496,0.14954526806800486,2021-10-18
9,F010,Clay,15.761425205820814,78.7717131671644,153.08690290086508,878.5974721559534,-1.3291376220282274,1.40828425990597,diligent,-0.07137993211990072,4,0.25107976441289426,0.4250498357693956,0.540633606362513,1.2035553395247311,0.17048895858117252,2021-03-17
10,F011,Clay Loam,15.906776380551857,80.22433253594059,34.19808193731558,912.9949782318063,0.3943184654326681,1.2881995719442532,lazy,-0.01399535501783527,1,0.19501008657282434,0.35448491137378224,0.4897295971144019,1.3106551525362564,0.2865471213397286,2021-11-25
11,F012,Sandy,18.20936987860675,80.82912468024146,352.900306906216,925.9817110270203,-0.42210084696528477,1.3790788296075942,lazy,-0.05251429469407812,1,0.06231104408833357,0.1208645057761411,0.3986451144012946,1.4952714655141444,0.6617900347623699,2021-05-14
12,F013,Sandy Loam,16.57987503092339,79.59677623252414,138.4862646979251,894.1521671099905,-0.4596481867674645,1.153310556899654,average,-0.02719814296390057,2,0.08977606790689867,0.20459542719939927,0.43700558242104376,1.4015646965922552,0.48048798206045673,2021-04-19
13,F014,Loam,16.879442224451825,80.84831762261582,532.2941969807518,615.8531251913896,1.045134973939638,1.344177366481315,lazy,-0.020613955868385093,0,0.13651096365043697,0.2782062879471603,0.4778212805966403,1.3587336550949034,0.3717051010141994,2021-12-09
14,F015,Sandy Loam,16.916870069298025,77.28983368619511,412.4277467186199,682.3901678777763,0.760198797589605,1.3123300471680377,lazy,0.042490616335736135,3,0.08849624526643984,0.19591927527009967,0.4318466266177746,1.4792234300128797,0.4453649631040948,2021-05-07
15,F016,Loam,17.177360384244757,77.77889353513838,356.8582900904199,991.473408236493,0.6836600534694057,1.1626852561400247,average,0.02475272038825931,3,0.13669962071804825,0.2724921313092113,0.45881886422546003,1.3916332098902953,0.38771831649510885,2021-06-15
16,F017,Clay Loam,16.888443213302327,77.83104285511945,537.4065108517835,800.4947302442024,-0.6130917559409937,1.4132877776925765,diligent,0.05284318814945064,4,0.18025695383910706,0.33701917614010707,0.47070864959270864,1.2533043525125553,0.2710967749325096,2021-05-16
17,F018,Loam,16.947144097929538,82.16391349684343,96.32692281489281,721.168051310893,-0.8162822088920839,1.5421873079147654,lazy,0.017340812352180213,1,0.13766868479135483,0.2774174768588344,0.45707738065781667,1.3044245885469794,0.38214612664412034,2021-12-05
18,F019,Clay Loam,18.013847960218424,79.09356650761626,101.16254990679018,947.5074104544956,-0.5666232458947751,1.0364339165076468,average,-0.04121367996647614,3,0.18077891897757403,0.3415907465041796,0.47601361416336335,1.2865807058779521,0.26894518600807094,2021-03-30
19,F020,Clay,16.044932692526547,79.7332460863827,223.24442798291759,1135.7966497674365,0.6420875298264709,1.1415094381733644,diligent,-0.002209751298477221,2,0.2662650010970408,0.4143003450209238,0.5225621524814331,1.1625058733302163,0.1445070086082004,2021-11-13
20,F021,Loam,17.420304130631088,77.9081431194614,270.87439246046296,993.2423911905577,-0.6385879738364714,1.4071710422197043,lazy,0.01984651275033679,4,0.13393082512230509,0.26218226552214063,0.45832204036180707,1.3241356927001364,0.36259442775605216,2021-12-05
21,F022,Loam,18.15973457102398,79.99729652319297,196.65386393899664,730.332406190951,-0.20056094367706648,1.5707582608727448,average,0.001463721129029164,1,0.13540378946547452,0.28008910587194613,0.4575577053018678,1.3540868815529299,0.38603940539851817,2021-01-17
22,F023,Clay Loam,15.612664964032286,78.660031541103,529.4112933673546,1005.3951775376562,-1.1621864282990633,1.2814996595141979,diligent,0.0362965818791332,3,0.1991695884217993,0.35089310999406886,0.46104245963016555,1.2966325197487132,0.2466992056089379,2021-04-04
23,F024,Loam,17.08173058593737,77.09012825441572,596.8046347471308,1117.7435517849633,-0.6235280873178407,1.256389787353707,over_irrigator,-0.0402028667098593,3,0.1306380520522484,0.2649862343098454,0.4698602757458808,1.3401594656597786,0.36138789656211784,2021-10-13
24,F025,Clay Loam,18.222390749147387,78.6880479531384,387.6283092492193,1083.937198727781,0.3240186169615865,1.2778365851768663,average,0.007329462114961327,1,0.1818969689742063,0.3233100778342349,0.46581165097706195,1.2990687638198817,0.25969974818307207,2021-11-05
25,F026,Sandy,16.576765740806906,81.4332248849502,482.02366499857374,1056.4086993181481,-0.5477386547716625,1.070315863672073,average,-0.04785670860261456,0,0.05955696880381742,0.11993266345629137,0.38664395467096024,1.5398240115917594,0.6552251283877201,2021-09-14
26,F027,Clay Loam,15.871153020451436,77.13357385328563,458.0739780346564,800.6716331547802,-0.023881849855401916,1.2991006097147642,lazy,0.012115154218462109,4,0.1805801141008611,0.3335803080773959,0.4866573051412567,1.3091542532075493,0.2656168455775188,2021-12-06
27,F028,Sandy Loam,17.132434830633382,80.68173996270664,473.794358667903,1190.5712282626707,0.9774319050872367,1.597266756951052,average,0.00616572307816528,4,0.08855372471103108,0.19192075489171767,0.41636522141175875,1.4073109863879123,0.44552784383416444,2021-10-04
28,F029,Clay,16.77510059887285,79.908180496333,547.7393192360057,1149.7616902562286,0.5281292294752417,1.4257566963920731,diligent,-0.013567859327762551,3,0.23937577527271334,0.42280328612962076,0.5132240675261248,1.2047169618704758,0.1438086031327825,2021-06-10
29,F030,Clay Loam,16.146801458810195,79.14867729891603,625.8614465104268,855.5003061167411,-0.3929643413865623,1.003634708175698,average,0.04986520535129367,1,0.17889363992677468,0.33093068931354025,0.47264509841629115,1.3029505860304444,0.23499168208601737,2021-04-11
30,F031,Sandy,17.225301941195134,82.18125192354438,104.83227143563485,904.7864764906313,1.376874319890172,1.154221228586227,lazy,-0.04101376802149545,2,0.06392364688490128,0.11532662784937178,0.39942246449118474,1.5597958832368533,0.6613560338653877,2021-03-10
31,F032,Loam,15.923456187578717,77.87228185003269,297.23457858713766,1116.675626804427,0.20306781250538455,1.2647028168387906,average,-0.055029136519418535,4,0.12808654666857172,0.27544308547640284,0.45217887550437863,1.3775508826058427,0.2978413034958604,2021-03-14
32,F033,Sandy Loam,16.637477247408075,78.68131518098248,649.961370321425,1053.529748720381,-1.627503263610953,1.4753085608485068,over_irrigator,-0.0641556221803177,2,0.0917539953881233,0.20109266731940872,0.4460189641860435,1.4842701423444356,0.41964855492677305,2021-04-01
33,F034,Sandy Loam,15.788862753012435,77.38358598797488,179.75067543392302,789.9724889663453,0.259306439330277,1.2174431761932913,lazy,0.031988534370676634,0,0.09219134365889149,0.19485708295387733,0.4324093132194158,1.3964628154544152,0.3893895244207344,2021-04-29
34,F035,Clay Loam,15.94606652447701,81.6977436720624,86.86244240228189,839.3235326247386,0.04201894846987439,1.337989893982447,average,-0.012971331461217069,0,0.19382081392308909,0.3483024460864091,0.48960154634251024,1.2704179578857584,0.21679498514038148,2021-11-06
35,F036,Clay Loam,17.10078451331983,80.35669432683864,105.95371843559934,686.0673469342769,-1.1395128217521913,1.1238446852953956,lazy,0.009627347687461532,0,0.20150636329860147,0.3348405459381097,0.48254336114028606,1.3221320206589868,0.21314684132892245,2021-01-14
36,F037,Sandy,16.43498565108958,77.32053775178531,275.7472882603213,865.2237017639393,-1.8016919888721372,1.27313355843312,average,0.017768659576633622,3,0.06316959744662512,0.12025863522034479,0.39351755313931014,1.6016017818792536,0.6300054228617156,2021-01-31
37,F038,Loam,16.34083729628142,77.37531979977068,228.73617640576015,813.0629205601764,-0.7502946418474175,1.5669223520487479,over_irrigator,-0.014206404266766129,1,0.12327300579086138,0.2741919196899129,0.4728732075522082,1.3073815630537944,0.3186192996106088,2021-10-11
38,F039,Clay Loam,17.70550800646897,81.64191451151932,493.5839348837333,721.8481946051982,0.5601986975203136,1.3927651268951007,average,-0.042398491150452945,0,0.20060280512698878,0.3411469182481717,0.47507146951605195,1.2911755200275927,0.2297102424955668,2021-08-21
39,F040,Clay Loam,16.818301389575367,80.92332972771494,645.3142282318134,709.5181913470349,0.6570815012253919,1.15656538230571,over_irrigator,0.025017834738048476,1,0.1838555277681491,0.32823400515576123,0.4879353040578033,1.3431484571022108,0.28499387965709716,2021-11-17
40,F041,Clay,15.815660880491711,82.37510558714047,396.051990256461,943.0681157996253,0.8576804096062489,1.219721477009389,diligent,0.013445181246496142,2,0.2451126067445218,0.41897052748398655,0.50960468797915,1.187967984590537,0.1394106934629188,2021-10-15
41,F042,Sandy,15.733302468450207,79.03048820508437,384.68785944866244,672.5902279236772,0.41722918286677735,1.1614167708025676,lazy,0.011250940439442145,2,0.05786066852387842,0.11969773479569115,0.39922931419710134,1.520654183123545,0.6838815389278965,2021-04-16
42,F043,Clay Loam,17.103493144252255,78.1496481670338,506.9058551521929,1096.0312596750239,-0.045866349369174414,1.1836441724588505,over_irrigator,-0.06321297486601506,0,0.18590932514381295,0.337941510303571,0.4902513706609286,1.3012276082454761,0.21881109736718993,2021-05-29
43,F044,Sandy,16.10022699526082,78.78830580938349,118.9818033570185,710.726918232885,-0.8758292242982467,1.451754397213207,lazy,0.047969888573485345,0,0.06138453068367329,0.12490342146272289,0.4150655745099635,1.5386025381543855,0.5808557297139945,2021-01-28
44,F045,Clay Loam,15.84664497359041,77.48428526613671,587.2695224614895,860.877578926465,-0.26285076584311845,1.2823544964885425,average,-0.018433623569847995,3,0.18144829981450308,0.3362131068566743,0.4895084073117311,1.3107297575619947,0.279920258276947,2021-10-04
45,F046,Sandy Loam,17.847472166295297,78.07606050093942,412.47213274022806,986.7471897546731,0.472476027371438,1.0402794247413607,average,0.011027052452443686,2,0.09202752167369896,0.19579181483106223,0.4372250141007265,1.4558145622258527,0.38407269614287026,2021-03-07
46,F047,Loam,17.70378036504058,81.12978268307448,162.9304088432778,1093.1595300597078,-1.7725651131736733,1.2876399416427842,average,0.026200047554479643,4,0.12925473971019824,0.28287652397031754,0.4693082304144524,1.329194181335906,0.36828411608878014,2021-05-01
47,F048,Clay Loam,16.746237743076165,78.2987883754018,476.1794741501468,702.1944301527052,0.904102640753845,1.1387593745588651,lazy,0.027017820693698697,1,0.19238045004107715,0.3270869853569381,0.49838047911643607,1.295965874305005,0.26681687235389795,2021-01-04
48,F049,Loam,17.703358462049547,82.23190296191268,132.24385502289928,704.0235221113861,0.9157680838903318,1.1300271783981906,average,-0.0051993363944230885,3,0.1303602697709539,0.27764412925215615,0.4648426621445885,1.3870237108667152,0.30694245403738407,2021-03-31
49,F050,Clay Loam,17.628341943521384,81.90266440820113,26.374058505249085,971.8213708497019,-0.8740414558379226,1.2999875107035885,lazy,0.021308846998082165,1,0.18977388648210508,0.3517539210572065,0.49626241681703537,1.3444933994165373,0.28540656646875073,2021-08-25
50,F051,Clay Loam,16.614332682556842,77.28997189829492,516.5140862803207,1156.2975057816634,0.13783349681929002,1.50408180375182,over_irrigator,0.03562937708404264,3,0.19344788002933513,0.3293018957746244,0.46214879870447,1.344181594323076,0.27240804818142145,2021-05-14
51,F052,Sandy,15.97533682164535,80.71021647326859,478.0976927364663,1082.078011533249,0.5708538535207531,1.2632766149578065,diligent,-0.01126138781603345,0,0.060554594402982276,0.11752213718822488,0.40287682745504255,1.5722399353999073,0.532498165630292,2021-01-21
52,F053,Loam,16.021248152546118,81.98817666738738,157.5636304711791,618.1320862780257,0.21096357166243782,1.196690009123609,diligent,-0.03787601038809896,4,0.1250691118366445,0.2639477516615685,0.4566339958239083,1.346476490845351,0.3810877832142433,2021-06-02
53,F054,Sandy,17.14612467488422,81.96242754857528,329.1655775782923,1067.8648115229162,0.9236103871946177,1.0463274829664402,over_irrigator,0.014944347516140245,3,0.06330798004502917,0.11711643817507479,0.41321923072262745,1.5755526246233011,0.6455772259892172,2021-09-16
54,F055,Clay,17.69672196278624,77.81306766767825,537.9514390732858,732.1178191159759,0.6615073501191737,1.499321003079639,diligent,0.01825385762245205,2,0.25393363859883267,0.39661990867237085,0.508933460216287,1.1813980197338434,0.13532494415543542,2021-04-16
55,F056,Clay,16.594940367021003,77.26532947457687,161.30180900229988,813.9841343744959,-0.5718538699237087,1.0720951670757923,diligent,-0.04291998491393869,1,0.2517189538140657,0.42420548859552304,0.531599177378553,1.153287919027837,0.16631857119884605,2021-07-21
56,F057,Clay Loam,16.517139849245847,78.27914928172942,223.6172884465096,907.6119146706284,-0.6386092520346424,1.3320171861260104,average,0.007454089394467194,0,0.19423297196325423,0.3473343057700241,0.46499455292255637,1.2794946628868888,0.2734203608944332,2021-10-24
57,F058,Sandy Loam,16.05052459778765,78.09450642902829,524.2513800479892,910.4941542737138,-0.9898142918773399,1.5150968591975373,over_irrigator,0.012995890750120842,3,0.08845444408096823,0.20577839273236995,0.4464024734166534,1.5076213626728652,0.4010051153299228,2021-07-23
58,F059,Clay Loam,16.138101725099762,82.28932618816721,550.8326974022085,738.140108280556,-0.42681292235429047,1.4575080169099264,average,0.035019926770431066,1,0.176775389435025,0.3522693942003851,0.4618670881399874,1.3142566753456129,0.24028766539818303,2021-06-09
59,F060,Sandy,16.092491958610125,78.75448177968018,640.5655049335282,1148.235142846364,-0.4301212895090104,1.5032927486727,over_irrigator,0.022597157890003362,4,0.06242447725999443,0.12222664368914694,0.39580245104859624,1.5861806546789408,0.523824823152146,2021-02-12
60,F061,Sandy Loam,17.899643784067482,82.31748800011255,406.3598484476201,997.7257593094172,1.1652557774698131,1.5777477023593578,average,0.028671592642545003,3,0.09533701916783253,0.19145704992447982,0.4176536037734769,1.4628781319998057,0.407970679112484,2021-03-25
61,F062,Loam,15.786640387309726,80.9397562321988,221.22352429319963,1071.471130201716,-0.40356716350339206,1.4540633082677825,average,-0.0029409861826427985,3,0.12636633213404183,0.26941255112137286,0.46868742721577494,1.2967181541699333,0.3861622978760707,2021-09-07
62,F063,Loam,16.18872153820043,82.48386865526129,325.5606075265084,603.263108454323,0.8650111863312191,1.24817321746536,average,0.03698641276827677,3,0.12515121735606788,0.2714450043944708,0.4740481494473874,1.3606793396542478,0.3066878043081993,2021-03-09
63,F064,Sandy,18.262805303104546,81.31878183402856,516.0952315116845,1164.939232884672,-1.3151036337047612,1.236524817333767,lazy,-0.007470676199311194,4,0.061562654296994146,0.12053015497540256,0.3900062886291411,1.5024288994932413,0.5729531587415309,2021-02-10
64,F065,Sandy,17.179969654419995,78.35520801997878,478.4742251243115,1076.9023629165545,2.218363419024504,1.2274563975839181,diligent,-0.02145719777998825,2,0.06121801483834097,0.11445189459568428,0.4112403245699565,1.591883621853007,0.6190175612503123,2021-05-27
65,F066,Loam,18.460111413105814,79.26858337272344,410.81639951589636,729.6983017693304,-0.8639827148557372,1.5307794510778105,lazy,-0.006883931505514173,3,0.13590128803713294,0.2798434796411242,0.4423892095894025,1.3288531242832913,0.3142549861770498,2021-08-12
66,F067,Sandy Loam,16.571299353134687,79.04912595246277,285.4074212072956,1161.4594310671562,-1.270788737941922,1.5135732118382945,average,-0.033918431482307686,0,0.09119861045474224,0.20124571451269443,0.421368644209792,1.4825002212032021,0.4049275058159559,2021-07-30
67,F068,Sandy Loam,15.860747885765845,80.54639182797493,114.14105950844403,1196.0720578687065,-0.36001782986722775,1.4918014341437489,average,0.060447700032257315,4,0.08896161539403898,0.19378733095693318,0.44615499831221417,1.4147855590713199,0.4521132133337893,2021-10-15
68,F069,Loam,18.442088050967342,79.33655504405864,365.36276665191707,790.6400310290257,0.5832766458483014,1.160948329179416,over_irrigator,-0.013461345687058252,2,0.12803963663404644,0.27644066558165853,0.4471774423840656,1.3964874323190628,0.3152684562698444,2021-08-20
69,F070,Sandy,16.50673166995606,81.09871703650519,585.7431315843986,927.3687208935041,0.3850820273004468,1.051411068637044,average,0.01958561005032985,4,0.06376533909149958,0.11837067383900615,0.384601671297313,1.5332322305683679,0.6509176982257671,2021-03-21
70,F071,Clay Loam,16.192212356063827,81.23830118246244,637.7799166171363,1186.7257762876877,0.5321185624176433,1.4465830264541508,diligent,-0.04005102703312723,1,0.17986338374461336,0.33529655261468905,0.4752957831802874,1.350961312858388,0.2763444366641464,2021-06-03
71,F072,Sandy Loam,16.760686612888094,78.12888663838983,217.93846626738824,616.2641111507999,0.7790745039674204,1.5856081215909126,average,0.07009514509260178,3,0.08625133892907834,0.20003652928858712,0.44311878625018086,1.4526896715422661,0.4706416108125304,2021-05-22
72,F073,Loam,17.364543464368005,77.47664274742104,294.1336374778315,755.0813213372942,0.1326786239047323,1.031156671484197,lazy,0.006805665787227469,1,0.13340725583396232,0.26543973726872905,0.4639677104199336,1.3606385631775144,0.34705208329225634,2021-09-25
73,F074,Clay,17.758205247252167,77.56367094389068,126.24367141506028,1019.4634351583634,1.4125275534243142,1.205740806684737,average,-0.04439331778744832,3,0.2511037382027157,0.39418732282807517,0.535860355367873,1.238049606051548,0.13541540535676888,2021-11-10
74,F075,Loam,17.497065855148115,78.49499457805018,89.66524969101252,931.9438777495304,-0.3414282407341769,1.1700573943641002,diligent,-0.02152171328376469,0,0.13336573834889046,0.2620982962597644,0.4569192304980029,1.3513768602693903,0.3628031444836771,2021-02-22
75,F076,Loam,18.04923530638096,81.76300306946393,443.7994497282916,892.9381531964394,-0.9332396437871767,1.1721446870391454,average,-0.006460071100306577,3,0.13619329823960816,0.2596442351790318,0.46496873474461703,1.2966394085152748,0.3866711558498429,2021-11-08
76,F077,Sandy Loam,17.54701966997866,80.09576204937495,566.2346121203741,639.3826152654166,-0.8598822595094409,1.1073628409677578,lazy,0.04148921316725246,3,0.09560148503824226,0.20371853086998845,0.43208594362511815,1.3990402450768986,0.4864168207656746,2021-12-10
77,F078,Loam,18.250887771690508,79.58004810760342,198.9442702597195,795.8124734112843,0.5631914929832348,1.1596414110936695,average,0.007628590663928502,2,0.13829676329047288,0.2719131142565164,0.4495657324533648,1.3122162558519068,0.366534410740124,2021-10-28
78,F079,Loam,16.624763612053663,80.00029729242712,637.3946858319465,1188.0098407860114,-0.10082674323901489,1.588022144315393,lazy,0.04757795065723758,4,0.13228804240554998,0.2770245056334029,0.4578359219205264,1.3537425613627991,0.30927557667091377,2021-07-27
79,F080,Loam,16.077008375697655,79.04351945963556,408.57693478230726,1076.4902737147036,0.4305862745258624,1.3369690143167436,over_irrigator,-0.035783902627969016,2,0.124370876735007,0.2814804843817683,0.45325295942724153,1.3603513488033039,0.300371669756451,2021-02-25
80,F081,Loam,17.947237982743264,78.60518080961567,435.63712588014437,1104.9206156194523,-0.28377108001948187,1.3017805125245316,average,-0.018586114730363257,1,0.12420875493316759,0.26565244492683904,0.47096342280804965,1.3583677672803598,0.30419277376068904,2021-10-28
81,F082,Clay,16.51836359483064,77.6980811316387,151.01292055892745,1081.303708998264,0.43740475616343577,1.3781817019858926,diligent,0.03892055682894233,1,0.24730460066762422,0.4142430563552344,0.5310254799700852,1.1569906972707642,0.13624512853180817,2021-12-20
82,F083,Loam,15.839894349445109,79.36477532168428,319.0723044911985,796.0017216010733,-0.058624444559224255,1.256910975399884,average,0.026628118818978988,1,0.12645695091209044,0.280857098407079,0.4665758773864846,1.3496178961532992,0.33676321999952213,2021-06-28
83,F084,Loam,17.027364542658972,82.4859405017906,86.48139863597852,796.1951637768286,-1.4590743075701915,1.0401877535223516,average,-0.048571899147245495,1,0.12384431136068615,0.266079576981104,0.4488384747151783,1.3133831963024865,0.31002985025034857,2021-08-04
84,F085,Clay Loam,17.172047448273805,81.73480334468049,282.35649241280976,963.3264006867954,-0.47668226315399365,1.2622228438190595,average,0.02771091359439462,2,0.19703159523699193,0.348389011908097,0.4736148611130316,1.3268449638457869,0.27709686265449657,2021-10-31
85,F086,Loam,17.215997957455034,77.06059540050026,424.9220352215937,822.7440211628816,0.7059190147575791,1.1162801751822686,diligent,0.04368374540744895,0,0.13304765948197864,0.28041542554315335,0.4758769021033307,1.3100500178046361,0.35050469461417527,2021-07-28
86,F087,Clay Loam,16.77326300650117,77.35396616396028,84.44049221067341,1030.47978726997,-0.445620236678703,1.0174862335970847,diligent,-0.00023015817870015873,0,0.18980634110571937,0.3524479849770631,0.4623294057599069,1.2498535206859436,0.23712035113857263,2021-02-23
87,F088,Loam,16.147385087511207,79.29869910732467,20.559983581110483,602.3269743191439,-0.13926310588592353,1.3259558480292397,average,-0.01545350265472308,4,0.12553278549428457,0.2743141820594752,0.47344855684141146,1.368869677690486,0.38657715269238085,2021-08-28
88,F089,Sandy Loam,18.0871082196188,77.42642309578859,261.38337332651076,1188.750759156574,-0.40689167750000355,1.4791485350814204,lazy,0.029390071025656023,2,0.09261278651400201,0.1916821557859899,0.4259538036304049,1.4799376119534322,0.4102574393394009,2021-02-05
89,F090,Loam,16.36633626670243,80.70200073550805,477.7625799472583,858.9007377490973,1.2830839500363571,1.5763231250272007,average,-0.025793963749477004,1,0.13111983357187892,0.2746529914764431,0.4505876267298906,1.3714628766723025,0.32259675083601913,2021-03-14
90,F091,Loam,16.157449471597868,77.04934594411813,384.61603172179156,988.152691839209,-0.391449236753685,1.1979007628396048,average,-0.04074116717488041,0,0.13554046288025617,0.28238205457752186,0.4519584454663298,1.378110111545137,0.38339334894561883,2021-10-27
91,F092,Loam,16.585582953273992,79.90774086886366,646.5700469927374,1142.0641015367557,-0.6666323050086636,1.5277819724548576,average,0.03311614978266615,0,0.124121237897924,0.2579432552304463,0.4650210660448319,1.369501541558072,0.36136791758703807,2021-12-20
92,F093,Sandy Loam,17.412178066112485,77.46538990652265,279.3999836673214,1093.6514685905265,0.2628231256386715,1.41069792639849,average,-0.03180217359964748,0,0.09337724771293344,0.20936304556286423,0.42480684943840696,1.4124213058332393,0.5132545692928172,2021-06-27
93,F094,Clay,16.133569330588394,79.15794292766192,576.7448357825137,1123.5310365030807,0.3730095417663892,1.138182440682697,average,0.0014205016874628568,2,0.23412844432283036,0.39334306721025963,0.5338146200328566,1.2013713360584886,0.130162078494045,2021-06-11
94,F095,Clay,15.961543676002785,82.31229698978687,634.7496746334821,1134.328223734387,-0.9171902742102903,1.579077107805031,average,-0.02640684205785899,0,0.23747969290805984,0.4238289557135088,0.5195067029802292,1.2343348090560526,0.1427270225898278,2021-04-21
95,F096,Sandy,15.79328751336645,77.68648807408852,339.8887049575692,778.7301533917223,-1.830144985633174,1.5243027210979383,lazy,0.02411394076870503,1,0.05828087615407293,0.11614573900649809,0.40944683539340154,1.5612132137159636,0.6651083717501911,2021-01-13
96,F097,Loam,18.41495593016202,80.55474802240686,114.04246371976569,613.9800804777295,-0.5289736049444651,1.0529265528948744,diligent,0.02986774681380313,4,0.1286849406112004,0.26116981518116256,0.4762817719646272,1.3244620069997028,0.38923780184953394,2021-02-18
97,F098,Sandy,17.201412721508184,79.46875144808631,512.9460082460108,889.4724808700196,-0.40080961928516273,1.4020560589036637,average,0.024710209616819346,2,0.06117902936699466,0.12000719214620566,0.4089351491064063,1.5548604265552313,0.5347202513053795,2021-07-19
98,F099,Sandy,15.948923107985014,77.74171825826365,566.3613331175678,611.6353083059219,0.24381580479475257,1.3434344662636775,lazy,-0.009018591608468293,0,0.05790784593625484,0.11983443703968946,0.3870578799239904,1.599140269794592,0.6190509900501405,2021-02-17
99,F100,Sandy,15.763121106587299,78.69312000550381,445.0460981957748,1020.3614372334328,-0.21429772788800439,1.1961807222644085,average,-0.009172951047679697,3,0.05636350531636496,0.12393392239416763,0.38876179783922676,1.5368557705203536,0.5514830824208412,2021-03-06
